player_id,match_id,display_name,device_token,total_score,round1_score,round2_score,round3_score,correct_count,total_answers,joined_at
036530a2-4609-4f94-af08-c493566c98f1,9d097fb9-b5a4-49ea-9ac1-54fd1e169179,A,dev_l4pldalvdt,1052,555,373,124,8,11,2026-09-15 18:12:05.272147+00
08d8c459-a697-4d19-bd36-6fb5c57f947d,8c94b08a-6f86-4e05-816f-78fe60450f4b,Swayam,dev_f74mffohq1,1345,603,516,226,11,15,2026-09-16 08:20:06.756352+00
09ab726a-b749-42b1-b54c-db394f500dda,8203b2f9-5954-4281-ac8a-c3a4014c0314,Kaju katli,dev_mbddusq8fp,1225,683,419,123,9,15,2026-09-16 10:26:35.199465+00
0c341f78-64c5-4249-91e6-fa467fdc3908,9d097fb9-b5a4-49ea-9ac1-54fd1e169179,Moryaa,dev_ym0dviepgb,566,0,0,566,4,8,2026-09-15 18:12:11.357433+00
0f47e77e-3ae0-49b1-a483-29f02ba9ec18,8203b2f9-5954-4281-ac8a-c3a4014c0314,Pradip,dev_maa8blrilx,249,0,249,0,2,8,2026-09-16 10:23:36.21617+00
126b991a-fe3b-4605-b4dc-d8244f570615,37fe6f52-f258-4eea-b8e6-3a8b4ae4f9a1,Harsh,dev_2mxsc6h5sc,1147,257,684,206,9,15,2026-09-16 07:30:44.709219+00
139ea937-3fae-4041-bc8d-9afad6d73069,144cd33d-4b84-4fab-9d50-e39ca3e1821d,Safety First,dev_fnr1fgst4n,1418,484,332,602,12,14,2026-09-16 11:48:00.692992+00
16680d52-5f04-484d-90a7-edf5fde24d65,37fe6f52-f258-4eea-b8e6-3a8b4ae4f9a1,Deepak Ratnani,dev_0o7zw4vqrf,1055,115,699,241,8,14,2026-09-16 07:30:11.020425+00
1a343685-d27e-4332-a0e2-84ceb0924cb5,8c94b08a-6f86-4e05-816f-78fe60450f4b,Anshuman,dev_33027pv9ss,148,0,0,148,1,4,2026-09-16 08:19:58.41912+00
1a8f7e7e-a68e-42e6-8bc6-a219eaa73af9,9d097fb9-b5a4-49ea-9ac1-54fd1e169179,Nakli gopal,dev_lx6wsly1vx,1619,688,393,538,12,15,2026-09-15 18:12:14.860364+00
1af4b67b-a028-48e5-92bf-9e02640ae117,37fe6f52-f258-4eea-b8e6-3a8b4ae4f9a1,Manish,dev_wgfpntxk7a,1189,384,548,257,9,13,2026-09-16 07:32:37.303153+00
225fd83a-3774-4351-8528-4e4da935134e,144cd33d-4b84-4fab-9d50-e39ca3e1821d,Tomy,dev_4o7yuhi8hp,1721,702,386,633,13,15,2026-09-16 11:49:32.720781+00
2272f83f-5031-4f70-8667-d5179d012bbb,9d097fb9-b5a4-49ea-9ac1-54fd1e169179,Vi,dev_opy5hidmh8,1465,536,411,518,11,15,2026-09-15 18:12:27.688475+00
250adf3d-9d17-47ad-8add-9edbb97e86ab,37fe6f52-f258-4eea-b8e6-3a8b4ae4f9a1,Luffy,dev_uyrffxtmbm,1448,398,685,365,11,15,2026-09-16 07:31:31.584625+00
26586f6d-077b-4340-9873-dbc7bdcd18fd,bccc8621-3497-4d8e-9ef0-32bb32796873,Niii,dev_l5bo4lv0il,400,400,0,0,3,5,2026-09-15 18:57:13.402941+00
293dfec9-988b-4727-b59a-02593eaa8951,144cd33d-4b84-4fab-9d50-e39ca3e1821d,SayaliVairagade,dev_6uae0cu3wa,1331,689,266,376,10,15,2026-09-16 11:47:36.910821+00
29436d90-d292-4fa5-ac2a-3b22fbc90db0,8203b2f9-5954-4281-ac8a-c3a4014c0314,Tuneer Tarane,dev_1i6fhgfqjk,1157,495,409,253,9,14,2026-09-16 10:22:51.715812+00
2c9311f2-a0c0-4384-931c-c75df00a3256,8c94b08a-6f86-4e05-816f-78fe60450f4b,Asad,dev_yk2wc9xwan,1303,396,519,388,10,15,2026-09-16 08:19:44.694117+00
2e99d416-b3b0-42a9-8ab8-31e151ece4b7,35219079-e23f-49f2-a64d-c8b3bf714ee9,Kunal,dev_uumzlz1hpf,0,0,0,0,0,0,2026-09-16 17:40:49.423016+00
2e9b0586-40a1-4f5f-8480-8249b5ae2e2a,8c94b08a-6f86-4e05-816f-78fe60450f4b,Kunal z,dev_9pac2ghlyb,1343,494,484,365,11,13,2026-09-16 08:20:38.679609+00
307f93c2-89d4-4343-8330-d022fd6231b5,8c94b08a-6f86-4e05-816f-78fe60450f4b,Priyanka P,dev_q985vie78u,789,329,340,120,7,14,2026-09-16 08:20:52.227827+00
3224bbf1-a3aa-4190-a5fe-a2e498866fad,37fe6f52-f258-4eea-b8e6-3a8b4ae4f9a1,Amit,dev_evkmnr8stj,998,0,680,318,8,14,2026-09-16 07:30:45.022264+00
3306d56e-e5d6-4c7d-a7f0-1a39e1c5ab95,9d097fb9-b5a4-49ea-9ac1-54fd1e169179,Vaish,dev_zdweyefwmc,1572,547,488,537,12,14,2026-09-15 18:11:50.096893+00
3830f71b-70ae-4113-a11f-8f5d22092e54,37fe6f52-f258-4eea-b8e6-3a8b4ae4f9a1,Vishal,dev_afqdi17nku,905,244,661,0,7,13,2026-09-16 07:30:16.473496+00
389c6f89-994d-4b35-8617-c76ae79b63aa,8203b2f9-5954-4281-ac8a-c3a4014c0314,Jyotiraditya,dev_anx8t0q6ww,947,409,277,261,7,14,2026-09-16 10:22:39.947207+00
391c1b46-4561-4c15-b864-a0028f2dec88,8c94b08a-6f86-4e05-816f-78fe60450f4b,Akash,dev_4j1phm1nc9,1457,538,538,381,11,15,2026-09-16 08:19:40.896152+00
3b74d600-e6c2-48fa-a152-681f713825cb,8c94b08a-6f86-4e05-816f-78fe60450f4b,Katil kalua,dev_v5d60hk8m1,1242,578,411,253,10,15,2026-09-16 08:20:58.128621+00
3fac041a-7fa3-4e7e-ae44-bfb533bcc090,37fe6f52-f258-4eea-b8e6-3a8b4ae4f9a1,Harshal🍁,dev_7n526rqplm,1641,441,674,526,13,15,2026-09-16 07:31:19.643734+00
3fb948bb-52a1-4303-a014-238fbf16d523,144cd33d-4b84-4fab-9d50-e39ca3e1821d,JK,dev_46bpqluvd1,1212,566,398,248,9,15,2026-09-16 11:47:42.194486+00
3ff6b5ca-39fe-444d-8332-b52ce6dcb77d,4f68b92f-e276-4630-a250-9c6c1cf1e6f8,Vik,dev_vlx3n7rg7t,704,418,286,0,5,8,2026-09-15 19:21:49.196809+00
452cf2a7-49e1-4bb8-a535-86b1d7c0e473,37fe6f52-f258-4eea-b8e6-3a8b4ae4f9a1,Suraj Patel,dev_7aie530za1,1143,505,528,110,9,14,2026-09-16 07:30:51.676303+00
4adb7b5c-72cd-4a58-b2e2-def6e258b9c7,37fe6f52-f258-4eea-b8e6-3a8b4ae4f9a1,Himanshu,dev_3gpglqjwdw,1158,138,505,515,9,14,2026-09-16 07:30:17.808741+00
4b212827-d516-411f-b4b5-906a58c4617b,9d097fb9-b5a4-49ea-9ac1-54fd1e169179,V,dev_rg5x30frz1,1720,555,540,625,13,15,2026-09-15 18:11:36.555163+00
4d349418-f511-41e9-b371-9f80fdfa5935,62492d4b-cec1-42d7-ac95-35d1b7595022,Naa,dev_l5bo4lv0il,1292,252,608,432,11,12,2026-09-15 18:49:04.169976+00
4f6d1aa2-d59b-407a-aa4b-f859443e6d25,144cd33d-4b84-4fab-9d50-e39ca3e1821d,Niraj,dev_7g5j79i5uy,1279,683,360,236,10,15,2026-09-16 11:50:20.094811+00
50392e0a-a2b4-4781-b906-cfe37a875b02,144cd33d-4b84-4fab-9d50-e39ca3e1821d,Dove,dev_yvlcytgd41,1219,559,391,269,9,15,2026-09-16 11:47:47.98983+00
505c323c-dcfe-437f-b307-3df2c6f02d9d,1d656a24-a6d3-4e9d-a6ce-293e1f039e85,V,dev_qh8ony6wwn,1407,418,652,337,11,13,2026-09-15 20:30:55.363272+00
53d90035-9071-46e2-80eb-045bdcada7a3,144cd33d-4b84-4fab-9d50-e39ca3e1821d,Santoshkumar,dev_lemji1z5kb,0,0,0,0,0,0,2026-09-16 11:47:56.251216+00
53eb4d14-758e-4c9e-85f7-10e652dee8b4,144cd33d-4b84-4fab-9d50-e39ca3e1821d,Preet,dev_69wcdlq1yf,957,482,131,344,8,14,2026-09-16 11:49:15.021005+00
542c9e33-1c81-45af-ac86-b87f4b537681,144cd33d-4b84-4fab-9d50-e39ca3e1821d,Tanvi,dev_vtqvmuv4ei,1039,544,253,242,8,12,2026-09-16 11:50:44.906974+00
63af4b6a-430d-473b-9076-69202388ef9c,8c94b08a-6f86-4e05-816f-78fe60450f4b,Vaibhav,dev_50gix258zs,1683,642,548,493,13,15,2026-09-16 08:20:13.186985+00
65097808-5af0-4b45-b901-60b432335e3e,1d656a24-a6d3-4e9d-a6ce-293e1f039e85,Kunal,dev_rkd4zfya89,957,558,142,257,7,13,2026-09-15 20:30:15.00252+00
66b077b0-39a9-4e2f-a763-fd3af7b7704c,37fe6f52-f258-4eea-b8e6-3a8b4ae4f9a1,AsH,dev_sbignvmi7l,1901,654,707,540,14,15,2026-09-16 07:30:12.466884+00
6b62e577-fb26-4f23-b7ed-762f3c5e0d68,8c94b08a-6f86-4e05-816f-78fe60450f4b,Rolex,dev_03ljzvqi15,1150,249,409,492,9,15,2026-09-16 08:19:42.993851+00
6eff57af-4564-4ba8-9776-5d3e11000f9b,8c94b08a-6f86-4e05-816f-78fe60450f4b,Jack,dev_fuqb9qcxtr,1518,545,553,420,11,15,2026-09-16 08:20:54.545083+00
7681187d-0939-4ba2-82b8-d2c206d919fd,9d097fb9-b5a4-49ea-9ac1-54fd1e169179,Nii,dev_3i9fjqg0g7,957,545,143,269,7,15,2026-09-15 18:11:25.395082+00
7b1d3b10-ae4e-4eeb-8aa8-0496296f04a3,8c94b08a-6f86-4e05-816f-78fe60450f4b,Raju,dev_iadwka9e01,1199,540,548,111,9,15,2026-09-16 08:20:46.1734+00
7e7ea678-fba6-41cc-a725-2675500ceead,8c94b08a-6f86-4e05-816f-78fe60450f4b,Komal,dev_il4iwch6pb,649,397,0,252,5,9,2026-09-16 08:20:59.284246+00
829a31b1-612f-4fbd-b188-c7cdbd05149b,144cd33d-4b84-4fab-9d50-e39ca3e1821d,Sudhanshu,dev_udfct5vdrb,1147,527,510,110,9,15,2026-09-16 11:49:06.428733+00
86a4c86b-5dc3-44ff-83cf-8e8a4b855910,144cd33d-4b84-4fab-9d50-e39ca3e1821d,Sheetal,dev_9miyz7d8x7,348,121,110,117,3,12,2026-09-16 11:49:22.963941+00
8e9a892b-7b12-4f34-8d89-fde7112dcd1a,144cd33d-4b84-4fab-9d50-e39ca3e1821d,Gayatri,dev_nxrei88koo,1355,552,400,403,10,15,2026-09-16 11:49:03.893804+00
90e34ae7-f6ff-4eff-a004-9d1cce0c653b,8203b2f9-5954-4281-ac8a-c3a4014c0314,Shrikant,dev_o8i82oldb5,1046,513,281,252,8,15,2026-09-16 10:22:44.006291+00
94f5606d-9099-46a6-ad3d-7ca22fe09547,37fe6f52-f258-4eea-b8e6-3a8b4ae4f9a1,Radhe Bhaiya,dev_ew9bdebvso,268,268,0,0,2,4,2026-09-16 07:30:27.135921+00
99e21e52-c37f-45f7-8f55-0709bc729110,8203b2f9-5954-4281-ac8a-c3a4014c0314,Nachiket,dev_fddifngd7v,1114,568,546,0,8,10,2026-09-16 10:24:25.124323+00
99e88460-705d-49a1-aef0-0e8984623e17,9d097fb9-b5a4-49ea-9ac1-54fd1e169179,test3,dev_fyzqhgl6br,1705,632,407,666,13,15,2026-09-15 18:13:59.921076+00
9f868879-9020-4cf3-a041-a51a8ce6d715,9d097fb9-b5a4-49ea-9ac1-54fd1e169179,test2,dev_92m3eu940t,1458,640,276,542,11,15,2026-09-15 18:14:01.32492+00
a433dc00-de86-4e8d-9a42-686eb80c65bf,8c68c517-c8f0-435e-a131-71045d26b67f,Kunal,dev_uumzlz1hpf,1508,278,683,547,11,15,2026-09-16 17:10:14.872763+00
a47187bc-8ba5-4d21-888f-58fff75c40dc,47ed4afa-bc9e-436f-a9ec-8a6779f2b8dc,Kunql,dev_uumzlz1hpf,0,0,0,0,0,0,2026-09-16 17:45:02.259273+00
a47eb089-62c2-443c-8399-2c69bf46986a,8203b2f9-5954-4281-ac8a-c3a4014c0314,Kiran Shahu,dev_d4cn06lrpu,1250,390,497,363,10,15,2026-09-16 10:24:42.00898+00
a9ce9d6e-866d-4ebf-9773-6577d12458af,144cd33d-4b84-4fab-9d50-e39ca3e1821d,Jagdish,dev_1tj67x1im2,0,0,0,0,0,0,2026-09-16 11:47:28.832584+00
b0a86e77-9b2f-4aa3-90d9-c7929a959e6a,bccc8621-3497-4d8e-9ef0-32bb32796873,Aditya,dev_2014m00u98,663,423,240,0,5,7,2026-09-15 19:12:57.285997+00
b470074d-cb53-4428-b5c8-e985d30fb5ac,9d097fb9-b5a4-49ea-9ac1-54fd1e169179,test1,dev_w0rv71i9,245,245,0,0,2,3,2026-09-15 18:14:00.348132+00
b54b514a-0b55-4ed7-85e3-2d949c07d18a,9d097fb9-b5a4-49ea-9ac1-54fd1e169179,Kunal,dev_glp8vpdif1,410,271,139,0,3,10,2026-09-15 18:12:27.166846+00
b7fd7770-3d28-4f2b-87b4-8159f948e14e,8c94b08a-6f86-4e05-816f-78fe60450f4b,Shakti,dev_oxdji3zz6z,357,357,0,0,3,5,2026-09-16 08:20:37.017167+00
bcc918a2-491a-4259-bf1a-4427a1a9fcb6,9d097fb9-b5a4-49ea-9ac1-54fd1e169179,Bablu bhaiyaa,dev_25urcadjdd,1102,698,136,268,8,15,2026-09-15 18:12:13.637412+00
bcd6c029-51b6-48fb-8cba-02c02c697927,8203b2f9-5954-4281-ac8a-c3a4014c0314,Badal,dev_ix0h8z0nmd,1229,504,357,368,10,15,2026-09-16 10:22:44.07145+00
be9fcb50-db86-4438-b59c-88cddbbd8638,8203b2f9-5954-4281-ac8a-c3a4014c0314,Nishant,dev_203i334aqh,1454,433,510,511,11,14,2026-09-16 10:26:43.188609+00
c0ef4acd-f2bd-403d-8af0-69e72dfbfa0b,bccc8621-3497-4d8e-9ef0-32bb32796873,Vik,dev_vlx3n7rg7t,420,420,0,0,3,5,2026-09-15 19:12:20.669151+00
c25a1d4f-7aca-4a5b-9069-e7a49d4090e5,8203b2f9-5954-4281-ac8a-c3a4014c0314,Satish Tayade,dev_8d6dw4adqy,1079,486,253,340,9,15,2026-09-16 10:23:46.569125+00
c2e4b832-bdfc-4e27-a65f-77ccd7d880c6,8203b2f9-5954-4281-ac8a-c3a4014c0314,Anjali Chaudhar,dev_pzz82a0inp,849,146,369,334,7,11,2026-09-16 10:25:04.550268+00
c99ec121-e4b4-49b7-9a60-d21f2e733e9c,8203b2f9-5954-4281-ac8a-c3a4014c0314,Harshal,dev_mdl5d74qsn,1374,556,414,404,10,15,2026-09-16 10:24:33.200721+00
caf6c374-31d5-4521-b32b-d5f013aa718c,9d097fb9-b5a4-49ea-9ac1-54fd1e169179,not_found,dev_jliiklokki,1233,476,381,376,10,14,2026-09-15 18:13:21.26851+00
ccc145e6-6b18-452a-875e-26d12d6046d4,62492d4b-cec1-42d7-ac95-35d1b7595022,Vik,dev_vlx3n7rg7t,1735,530,690,515,13,15,2026-09-15 18:49:12.805645+00
cec3f541-6991-43c2-80d8-1abf0995d8dc,9d097fb9-b5a4-49ea-9ac1-54fd1e169179,Viko,dev_5kakz7nf0g,1079,422,275,382,8,15,2026-09-15 18:11:18.605723+00
d01565be-f45f-4183-a313-3165ce537bfa,144cd33d-4b84-4fab-9d50-e39ca3e1821d,Purva,dev_39of327v1e,1096,372,129,595,9,13,2026-09-16 11:50:46.731633+00
d0732cde-dc2a-4c24-bd75-8e83375a189f,37fe6f52-f258-4eea-b8e6-3a8b4ae4f9a1,Sourabh,dev_t46x5f0no2,369,369,0,0,3,5,2026-09-16 07:30:43.97101+00
d8cd3621-b49e-41f4-8669-381bbfaa98c1,144cd33d-4b84-4fab-9d50-e39ca3e1821d,Nayan,dev_vc6m5w87iv,952,353,244,355,8,15,2026-09-16 11:48:40.859895+00
d9ee90d3-84bd-4de0-a34b-ab9f092ec519,8203b2f9-5954-4281-ac8a-c3a4014c0314,Yash,dev_c7fpxeec1w,403,139,264,0,3,15,2026-09-16 10:22:25.536462+00
deb58a3a-c055-4485-abef-86475b341fe0,144cd33d-4b84-4fab-9d50-e39ca3e1821d,not_found,dev_jliiklokki,425,425,0,0,3,5,2026-09-16 11:47:48.744956+00
dfe6d0e1-3fdd-4706-a3bf-1f098ad8ab68,8c94b08a-6f86-4e05-816f-78fe60450f4b,Vansh,dev_sft0swjbro,1333,543,552,238,10,15,2026-09-16 08:19:36.96839+00
e21cf596-f62b-4eb0-b954-509c39af761b,37fe6f52-f258-4eea-b8e6-3a8b4ae4f9a1,Mayank,dev_p8h6frpn8b,908,372,415,121,7,15,2026-09-16 07:31:30.115782+00
e26f0c79-78c8-4d2c-a4c1-9119f0d47aae,144cd33d-4b84-4fab-9d50-e39ca3e1821d,Vikas,dev_ejc4sg4und,333,118,215,0,3,6,2026-09-16 11:48:05.443333+00
e5b1db90-56e0-41ef-86d0-664b3be3d38a,37fe6f52-f258-4eea-b8e6-3a8b4ae4f9a1,Swati,dev_7gepm4ap3y,853,261,592,0,7,10,2026-09-16 07:30:56.752189+00
e789937d-4f3d-4cc0-9ed4-d8723b5cdcd9,8c94b08a-6f86-4e05-816f-78fe60450f4b,Yash,dev_1nxuwchpzq,1176,253,537,386,9,15,2026-09-16 08:20:24.032518+00
eb24fcfb-2546-447b-9ecd-5deb700e02b2,4f68b92f-e276-4630-a250-9c6c1cf1e6f8,Aditya,dev_2014m00u98,1460,675,535,250,11,14,2026-09-15 19:21:53.107663+00
eca1d73a-5915-4d0b-8343-859cfa827bc7,144cd33d-4b84-4fab-9d50-e39ca3e1821d,Lord devesh,dev_90rxig336s,1408,394,372,642,11,15,2026-09-16 11:49:09.060417+00
edec90d3-6816-4c44-805a-9f438b6b76f2,144cd33d-4b84-4fab-9d50-e39ca3e1821d,MShaikh,dev_wv7dev78cw,1476,680,383,413,11,15,2026-09-16 11:47:51.267529+00
efdb5e4e-d841-489e-807c-41a1e96fa25c,37fe6f52-f258-4eea-b8e6-3a8b4ae4f9a1,R,dev_a0161r6xcd,646,254,392,0,5,9,2026-09-16 07:31:24.754951+00
f3b3bc83-e5b6-4f69-87dc-6246d959ed08,8c94b08a-6f86-4e05-816f-78fe60450f4b,Priyanka,dev_w7jzw2wgen,909,270,491,148,7,13,2026-09-16 08:20:40.309944+00
f6ca3588-07e6-4997-8839-bd9636031bf9,4f68b92f-e276-4630-a250-9c6c1cf1e6f8,N,dev_l5bo4lv0il,787,284,503,0,6,15,2026-09-15 19:21:40.832339+00
fb2191c6-8223-45d1-bde9-3f29bc397f47,8c94b08a-6f86-4e05-816f-78fe60450f4b,Anishka,dev_ny5oms10ku,946,375,116,455,8,15,2026-09-16 08:21:03.725336+00